Frame,Nose_X,Nose_Y,Nose_Score,LEye_X,LEye_Y,LEye_Score,REye_X,REye_Y,REye_Score,LEar_X,LEar_Y,LEar_Score,REar_X,REar_Y,REar_Score,LShoulder_X,LShoulder_Y,LShoulder_Score,RShoulder_X,RShoulder_Y,RShoulder_Score,LElbow_X,LElbow_Y,LElbow_Score,RElbow_X,RElbow_Y,RElbow_Score,LWrist_X,LWrist_Y,LWrist_Score,RWrist_X,RWrist_Y,RWrist_Score,LHip_X,LHip_Y,LHip_Score,RHip_X,RHip_Y,RHip_Score,LKnee_X,LKnee_Y,LKnee_Score,RKnee_X,RKnee_Y,RKnee_Score,LAnkle_X,LAnkle_Y,LAnkle_Score,RAnkle_X,RAnkle_Y,RAnkle_Score,Head_X,Head_Y,Head_Score,Neck_X,Neck_Y,Neck_Score,Hip_X,Hip_Y,Hip_Score,LBigToe_X,LBigToe_Y,LBigToe_Score,RBigToe_X,RBigToe_Y,RBigToe_Score,LSmallToe_X,LSmallToe_Y,LSmallToe_Score,RSmallToe_X,RSmallToe_Y,RSmallToe_Score,LHeel_X,LHeel_Y,LHeel_Score,RHeel_X,RHeel_Y,RHeel_Score,RKnee,LKnee,RElbow,LElbow,RAnkle,LAnkle,Neck,Hip,TL_X,TL_Y,BR_X,BR_Y
11.0,1653.39,445.64,0.9064,1657.81,441.22,0.9185,1653.39,441.22,0.9127,1671.06,445.64,0.9024,1671.06,445.64,0.8345,1671.06,463.3,0.9117,1675.47,463.3,0.93,1662.22,487.59,0.9378,1684.3,485.38,0.8335,1637.94,480.96,0.7959,1671.06,496.42,0.5191,1675.47,518.49,0.8703,1675.47,518.49,0.8317,1637.94,544.99,0.5329999999999999,1637.94,542.78,0.6554,1618.07,586.94,0.5789,1618.07,584.73,0.6904,1664.43,430.18,0.8972,1668.85,454.47,0.9364,1675.47,516.29,0.9182,1600.4,586.94,0.6546,1598.2,586.94,0.7779,1602.61,589.15,0.6675,1600.4,586.94,0.7291,1620.28,591.35,0.7948,1741.71,556.03,0.7023,31.75,29.44,72.0,85.27,58.31,64.65,4.19,180.0,1601.02,425.99,1716.81,595.55
12.0,1618.8,446.06,0.9352,1623.41,441.45,0.9719,1618.8,441.45,0.9507,1634.93,443.76,0.9404,1634.93,443.76,0.8125,1641.84,462.19,0.9470000000000001,1639.54,462.19,0.8502,1639.54,489.84,0.8722,1646.45,489.84,0.8485,1618.8,485.23,0.7582,1632.63,510.57,0.8222,1646.45,519.79,0.8706,1637.23,519.79,0.8388,1655.67,558.96,0.8749,1614.19,549.74,0.8748,1692.53,547.44,0.9158,1595.76,591.21,0.8857,1628.02,432.24,0.9273,1637.23,455.28,0.9007,1641.84,517.49,0.9354,1708.66,558.96,0.8299,1575.03,595.82,0.9164,1708.66,556.65,0.8969,1577.33,593.52,0.9273,1697.14,540.53,0.8378,1598.07,598.13,0.8376,13.61,94.11,47.73,97.77,53.51,52.89,17.56,53.13,1577.18,427.86,1671.95,604.81
13.0,1587.61,448.55,0.9373,1592.58,443.57,0.9605,1587.61,443.57,0.9487,1605.02,446.06,0.9216,1605.02,446.06,0.8153,1610.0,463.47,0.9071,1605.02,463.47,0.8857,1614.97,493.32,0.9277,1607.51,493.32,0.8443,1602.53,518.19,0.9440000000000001,1587.61,503.27,0.7651,1612.48,520.68,0.8614,1614.97,518.19,0.8049,1592.58,557.99,0.7929,1610.0,560.48,0.8695,1580.15,600.28,0.8471,1644.82,545.56,0.7958,1597.56,433.62,0.9359,1605.02,456.01,0.8987,1612.48,515.71,0.8847,1560.25,607.74,0.9376,1662.23,553.02,0.7497,1565.22,610.23,0.9261,1662.23,550.53,0.8244,1585.12,605.25,0.8697,1647.31,535.61,0.7797,119.91,11.68,68.2,36.03,46.4,53.05,11.31,135.0,1562.8,431.38,1639.78,622.42
14.0,1562.19,452.39,0.925,1566.63,447.95,0.9506,1559.97,447.95,0.9481,1577.72,450.17,0.9092,1559.97,452.39,0.7456,1582.16,467.92,0.9055,1571.06,470.14,0.8686,1593.25,494.55,1.0162,1582.16,496.77,0.7419,1591.04,518.96,0.9801,1586.6,518.96,0.6933,1582.16,521.17,0.8926,1577.72,518.96,0.838,1562.19,554.46,0.8233,1566.63,552.24,0.7847,1579.94,603.28,0.8117,1599.91,545.58,0.7251,1566.63,436.85,0.8953,1573.28,461.26,0.932,1579.94,518.96,0.9476,1564.41,609.93,0.6739,1613.23,561.12,1.0146,1566.63,612.15,0.6937,1611.01,558.9,0.9317,1586.6,609.93,0.7916,1604.35,541.15,0.8395,119.74,50.95,11.31,27.81,60.71,86.78,8.67,45.0,1538.29,443.73,1610.5,614.15
15.0,1527.72,451.27,0.9444,1532.57,448.84,0.9341,1527.72,448.84,0.927,1544.7,448.84,0.9487,1544.7,451.27,0.799,1551.98,470.67,0.8736,1539.85,473.1,0.8877,1571.39,492.51,0.9451,1535.0,494.93,0.7782,1571.39,519.19,0.9513,1515.59,485.23,0.8917,1549.55,526.47,0.9397,1551.98,528.9,0.9508,1513.16,543.46,0.8953,1556.83,567.72,0.8463,1547.13,553.16,0.9478,1578.66,601.68,0.9575,1537.42,436.71,0.9428,1544.7,460.97,0.9167,1551.98,526.47,0.9436,1556.83,570.14,0.8737,1561.68,611.38,0.8582,1556.83,570.14,0.7848,1561.68,608.96,0.9117,1556.83,553.16,0.8084,1585.94,604.11,0.9489,25.61,139.04,104.04,41.63,92.99,44.31,10.36,90.0,1507.44,439.38,1589.23,625.7
16.0,1502.39,451.49,0.9133,1504.66,449.22,0.9036,1502.39,449.22,0.8693,1515.98,449.22,0.8954,1513.71,449.22,0.6447,1525.03,469.6,0.8962,1504.66,471.86,0.9615,1549.94,487.72,0.9245,1493.33,492.24,0.9278,1549.94,510.36,0.9504,1484.28,474.13,0.8563,1520.51,521.68,0.867,1513.71,521.68,0.8214,1479.75,535.27,0.7715,1534.09,560.18,0.9127,1504.66,569.23,0.6958,1565.79,591.88,0.7908,1509.18,437.9,0.9268,1513.71,462.81,0.9614,1515.98,519.42,0.9104,1493.33,585.08,0.5021,1495.6,587.35,0.6061,1497.86,582.82,0.5857,1495.6,585.08,0.5658,1509.18,569.23,0.7644,1574.85,594.14,0.7074,17.1,107.82,124.38,53.97,138.69,71.79,8.01,71.57,1467.16,438.13,1580.65,612.03
17.0,1469.42,450.43,0.943,1473.92,445.93,0.9425,1469.42,448.18,0.9319,1485.17,448.18,0.9009999999999999,1485.17,450.43,0.7022,1496.42,468.42,0.9375,1476.17,470.67,0.9639,1521.16,484.17,0.9259999999999999,1462.67,486.42,0.8893,1518.91,511.16,0.9307,1455.93,472.92,0.9179,1489.67,522.41,0.9411,1482.92,524.66,0.8992,1449.18,533.66,0.7542,1509.92,560.66,0.8933,1451.43,578.65,0.7251,1545.91,578.65,0.6682,1480.67,436.93,0.9485,1482.92,461.67,0.9683,1485.17,520.16,0.9127,1437.93,587.65,0.7917,1552.66,598.9,0.6062,1440.18,587.65,0.8238,1552.66,596.65,0.5957,1453.68,583.15,0.7903,1552.66,576.4,0.7271,26.57,77.34,112.83,62.29,45.0,59.17,2.99,90.0,1431.21,432.65,1545.88,605.42
18.0,1437.19,451.54,0.9628,1441.58,447.15,0.9536,1437.19,447.15,0.9569,1454.74,449.34,0.9385,1452.54,449.34,0.8039,1465.71,471.28,0.9485,1445.96,471.28,0.9336,1489.84,488.83,0.9526,1437.19,491.02,0.9569,1487.64,510.77,0.9252,1421.83,480.05,0.9367,1456.93,521.73,0.8999,1454.74,523.93,0.9058,1424.03,543.67,0.9554,1474.48,559.03,0.9652,1408.67,587.54,0.9604,1516.16,563.41,0.9489,1448.16,436.18,0.9507,1452.54,460.31,0.9708,1456.93,521.73,0.9567,1391.12,587.54,0.8559,1531.52,580.96,0.9732,1393.31,591.93,0.8817,1529.32,578.77,0.8499,1410.86,591.93,0.9542,1522.74,561.22,0.9164,54.63,37.02,101.58,59.68,42.81,70.71,6.22,nan,1392.5,432.01,1506.0,600.49
19.0,1407.19,450.75,0.9337,1411.39,447.22,0.9263,1407.86,447.2,0.9171,1424.66,448.98,0.9209999999999999,1424.17,449.61,0.7275,1434.41,470.66,0.9066,1415.58,467.54,0.9117,1451.18,491.63,0.9347,1414.92,491.63,0.9076,1439.67,518.17,0.9055,1392.17,498.27,0.9181,1428.84,525.21,0.8981,1420.05,524.12,0.8999,1433.83,563.02,0.8786,1401.46,554.39,0.9134,1477.0,554.39,0.818,1382.04,591.07,0.8698,1416.94,435.72,0.9398,1422.89,461.58,0.9454,1424.23,521.69,0.9492,1492.06,565.02,0.7199,1362.61,595.39,0.9324,1491.49,562.03,0.7628,1362.61,595.39,0.9175,1480.57,548.21,0.8523,1384.19,599.71,0.925,3.67,93.79,72.18,62.09,49.57,46.55,11.67,67.57,1371.19,431.58,1468.42,597.33
20.0,1376.28,452.52,0.971,1381.22,447.58,0.9369,1376.28,447.58,0.996,1393.57,452.52,0.9456,1391.1,452.52,0.8689,1400.98,472.28,0.9492,1386.16,469.81,0.9148,1410.86,499.46,0.8564,1391.1,496.99,0.9046,1388.63,519.22,0.823,1376.28,511.81,0.7287,1400.98,519.22,0.878,1391.1,521.69,0.8411,1378.75,561.22,0.8585,1393.57,563.69,0.841,1366.39,603.22,0.8868,1428.16,551.34,0.8175,1386.16,437.7,0.9255,1391.1,462.4,0.9612,1396.04,519.22,0.9341,1346.63,608.16,0.9393,1447.92,561.22,0.958,1354.04,610.63,0.9973,1445.45,558.75,0.8934,1368.87,608.16,0.9036,1433.1,546.4,0.8235,106.29,11.51,55.3,68.35,46.22,59.57,6.34,26.56,1344.58,430.53,1430.2,620.26
21.0,1346.26,455.67,0.9438,1351.14,450.79,0.9413,1346.26,450.79,0.9547,1363.34,453.23,0.9309999999999999,1363.34,453.23,0.7279,1370.66,475.19,0.8828,1358.46,475.19,0.8899,1370.66,504.48,0.8422,1363.34,502.04,0.7676,1346.26,509.36,0.8669,1356.02,519.12,0.6303,1373.1,524.0,0.9198,1360.9,524.0,0.9039,1356.02,560.6,0.8815,1341.38,558.16,0.787,1363.34,606.97,0.8588,1385.3,555.72,0.7321,1356.02,441.03,0.9387,1363.34,465.43,0.927,1368.22,521.56,0.9291,1343.82,614.29,0.9326,1397.5,570.37,0.8932,1348.7,614.29,0.9185,1395.06,567.92,0.9491,1368.22,611.85,0.8973,1390.18,548.4,0.802,122.92,33.99,33.5,78.69,53.37,78.42,11.73,45.0,1329.31,438.83,1390.05,626.25
22.0,1316.4,456.58,0.9524,1320.98,452.01,0.9428,1316.4,452.01,0.9456,1334.7,456.58,0.9183,1334.7,458.87,0.8117,1336.98,477.16,0.8839,1332.41,474.87,0.8267,1327.84,504.6,0.9077,1334.7,502.31,0.722,1304.97,497.74,0.9766,1348.42,518.32,0.5635,1339.27,527.46,0.8918,1343.84,527.46,0.8229,1302.69,550.33,0.8994,1341.56,566.33,0.8201,1336.98,566.33,0.6316,1359.85,602.91,0.8754,1327.84,442.86,0.9411,1332.41,468.01,0.9228,1341.56,525.17,0.9079999999999999,1336.98,584.62,0.5748,1346.13,616.63,0.8451,1339.27,580.05,0.5228,1346.13,614.35,0.8145,1341.56,566.33,0.5842,1364.42,609.77,0.7922,29.93,122.98,35.84,88.26,71.57,64.98,1.21,90.0,1290.83,440.8,1371.71,616.41
23.0,1288.7,455.26,0.9336,1293.43,450.53,0.94,1288.7,450.53,0.9425,1302.89,452.89,0.9162,1305.26,455.26,0.7502,1305.26,474.18,0.9318,1307.62,471.82,0.8868,1293.43,500.2,0.9148,1319.45,495.47,0.7928,1274.51,483.65,0.9503,1314.72,512.03,0.795,1309.99,526.23,0.8753,1305.26,526.23,0.7689,1324.18,566.44,0.8596,1267.41,542.78,0.8778,1352.57,599.56,0.8615,1293.43,575.9,0.863,1298.16,441.07,0.9421,1302.89,464.72,0.9208,1307.62,526.23,0.8739,1343.11,616.12,0.8958,1281.6,594.83,0.9077,1347.84,616.12,0.9009999999999999,1281.6,590.1,0.9329,1359.67,601.92,0.8963,1298.16,580.63,0.8879,104.53,21.16,42.51,106.74,70.16,70.35,6.91,0.0,1246.3,436.57,1361.85,618.24
24.0,1260.12,453.62,0.9878,1264.4,449.35,0.9623,1260.12,449.35,0.9707,1275.09,453.62,0.9990000000000001,1275.09,453.62,0.893,1272.95,470.73,0.8999,1281.51,470.73,0.8114,1262.26,494.26,0.9675,1294.34,489.98,0.9886,1247.29,479.29,0.9599,1285.79,507.09,0.9091,1275.09,526.34,0.7982,1279.37,526.34,0.6793,1234.46,539.17,0.5619,1298.62,560.56,0.8027,1240.87,584.08,0.7027,1334.97,586.22,0.3793,1270.81,438.65,0.9003,1272.95,462.18,0.9145,1275.09,524.2,0.9690000000000001,1341.39,609.75,0.6894,1225.9,592.64,0.62,1343.53,607.61,0.6684,1225.9,590.5,0.6112,1341.39,586.22,0.5891,1245.15,590.5,0.581,25.42,80.6,60.25,110.56,141.42,67.55,3.22,116.57,1217.28,443.14,1343.6,607.39
25.0,1227.5,453.05,0.8909999999999999,1231.71,450.95,0.9059,1229.61,448.84,0.9017,1244.35,450.95,0.9291,1244.35,450.95,0.7904,1242.24,469.9,0.9025,1252.78,469.9,0.9057,1233.28,491.94,0.8585,1265.41,490.96,0.9356,1213.89,483.4,0.8192,1254.88,507.81,0.8979,1248.56,524.66,0.8446,1248.56,524.66,0.7912,1265.41,560.47,0.7931,1205.74,543.93,0.8240000000000001,1307.54,573.11,0.807,1197.4,585.26,0.5777,1238.03,440.41,0.9635,1242.24,461.48,0.9172,1248.56,524.66,0.9278,1318.07,592.06,0.4684,1176.89,592.05,0.7759999999999999,1320.17,587.85,0.4975,1177.98,590.14,0.7373,1311.75,571.0,0.622,1198.29,593.88,0.6546,54.37,48.1,62.97,91.64,60.28,44.25,5.6,nan,1170.84,442.81,1332.6,595.99
26.0,1197.79,453.3,0.9388,1199.92,449.04,0.9431,1197.79,449.04,0.9433,1212.72,451.17,0.8967,1212.72,451.17,0.7483,1214.85,470.36,0.9294,1221.25,468.23,0.8587,1210.58,495.95,0.9362,1229.78,495.95,0.7426,1184.99,500.22,0.9393,1189.26,502.35,0.3483,1214.85,525.81,0.7735,1219.11,525.81,0.7694,1187.12,557.8,0.8605,1223.38,562.06,0.5424,1167.93,594.05,0.8196,1270.3,562.06,0.7037,1206.32,438.37,0.9172,1212.72,461.83,0.9109,1216.98,523.68,0.9058,1148.74,594.05,0.6087,1148.74,596.19,0.6088,1148.74,598.32,0.6005,1148.74,594.05,0.6421,1170.06,600.45,0.6533,1276.69,553.53,0.695,83.29,13.02,98.13,71.08,164.32,62.1,11.31,90.0,1151.98,436.45,1241.46,600.24
27.0,1204.26,462.9,0.8789,1207.09,460.07,0.8689,1202.84,460.07,0.9404,1211.33,460.07,0.8149,1198.6,460.07,0.9345,1216.99,471.38,0.8122,1197.18,471.38,0.748,1232.55,475.63,0.8743,1195.77,489.78,0.4574,1218.4,465.72,0.8541,1216.99,467.14,0.264,1215.57,512.41,0.7581,1201.43,512.41,0.6885,1215.57,543.54,0.7486,1202.84,542.12,0.6688,1214.16,566.17,0.6758,1208.5,566.17,0.5942,1205.67,452.99,0.8624,1205.67,465.72,0.8259,1208.5,511.0,0.8017,1204.26,574.66,0.6027,1204.26,574.66,0.6782,1209.91,576.08,0.5557,1202.84,573.25,0.6442,1215.57,573.25,0.669,1214.16,570.42,0.3604,10.51,3.58,141.25,160.26,39.81,45.82,3.58,22.62,1196.97,450.3,1235.59,558.96
28.0,1137.53,456.3,0.9118,1141.7,453.37,0.9242,1137.53,453.37,0.9244,1151.73,455.46,0.9233,1151.72,455.45,0.7539,1155.48,473.41,0.8852,1154.66,473.38,0.8419,1159.66,501.79,0.8971,1156.83,504.77,0.8229,1151.72,525.62,0.9252,1137.33,513.19,0.5249,1161.77,526.88,0.8414,1159.66,526.89,0.83,1142.54,566.97,0.9321,1141.7,566.13,0.8653,1142.5,608.39,0.7933,1180.95,554.01,0.7170000000000001,1146.7,443.34,0.914,1151.73,465.48,0.9279,1161.76,524.78,0.8794,1123.28,616.2,0.7702,1196.07,565.43,0.7551,1126.81,618.32,0.8022,1193.92,563.75,0.7052,1145.35,615.49,0.7776,1185.14,549.01,0.7423,131.75,25.57,70.61,26.8,54.22,67.83,3.19,135.0,1119.5,438.8,1182.73,627.84
29.0,1106.85,460.66,0.9282,1111.36,458.4,0.9444,1109.11,458.4,0.941,1122.65,458.4,0.9334,1122.65,458.4,0.8004,1129.42,476.45,0.8699,1120.39,478.71,0.8789,1140.7,499.02,0.935,1120.39,505.79,0.8759999999999999,1136.19,523.84,0.8941,1097.82,501.28,0.8427,1131.67,530.61,0.8269,1129.42,532.87,0.7655,1095.57,557.69,0.8492,1124.9,568.98,0.8529,1136.19,557.69,0.9323,1140.7,609.6,0.8896,1115.88,447.12,0.9195,1122.65,469.68,0.924,1131.67,530.61,0.9329999999999999,1147.47,575.75,0.769,1122.65,618.62,1.0047,1145.21,573.49,0.7337,1124.9,616.37,0.9299,1142.96,555.44,0.8744,1147.47,614.11,0.9331,28.38,143.13,101.31,36.87,84.69,57.99,8.27,nan,1088.97,447.34,1154.07,620.65
30.0,1078.29,458.58,0.9322,1083.29,456.08,0.9246,1078.29,456.08,0.9353,1090.79,458.58,0.9583,1088.29,458.58,0.7567,1098.29,473.57,0.8578,1088.29,476.07,0.9364,1118.29,493.57,0.9348,1085.79,501.07,0.757,1120.79,521.07,0.9779,1068.29,488.57,0.9426,1098.29,531.07,0.8548,1100.79,531.07,0.8232,1060.79,543.57,0.899,1110.79,571.07,0.9285,1090.79,568.57,0.8879,1135.78,603.57,0.9849,1088.29,446.08,0.9535,1093.29,468.58,0.9028,1098.29,528.57,0.9122,1085.79,588.57,0.7805,1125.79,618.57,0.9391,1088.29,586.07,0.8387,1125.79,616.07,0.9499,1098.29,571.07,0.8178,1143.28,606.07,0.9147,23.53,121.76,119.83,39.81,71.26,64.23,7.76,135.0,1042.83,431.33,1146.24,623.32
31.0,1049.76,457.4,0.8924,1052.26,454.9,0.93,1049.76,454.9,0.8606,1064.77,457.4,0.9627,1067.27,457.4,0.7667,1072.27,474.91,0.9064,1059.76,477.42,0.9225,1094.78,489.92,0.9737,1049.76,499.93,0.8687,1092.28,514.94,0.9359,1042.25,479.92,0.8824,1067.27,527.45,0.8896,1069.77,529.95,0.9133,1029.74,537.45,0.9129999999999999,1087.28,567.47,0.9627,1042.25,579.98,0.9292,1119.8,594.99,0.9138,1062.26,444.9,0.9062,1064.77,469.91,0.9378,1067.27,527.45,0.9631,1029.74,594.99,0.9151,1122.3,617.5,0.8588,1032.25,594.99,0.9332,1124.8,615.0,0.8935,1047.26,582.48,0.9233,1127.3,594.99,0.9075,24.75,91.46,135.48,62.02,43.42,56.2,3.22,nan,1015.37,420.13,1131.67,612.25
32.0,1019.99,457.23,0.9638,1022.44,454.78,0.9291,1019.99,452.33,0.9021,1034.69,454.78,0.9211,1037.14,454.78,0.7172,1042.04,474.38,0.9087,1029.79,476.83,0.9062,1066.53,489.07,0.9399,1017.54,493.97,0.8946,1061.63,516.01,0.9303,1010.2,476.83,0.8623,1039.59,528.26,0.9271,1037.14,528.26,0.8386,1002.85,545.4,0.8967,1059.18,565.0,0.9115,993.05,587.04,0.8749,1095.92,579.69,0.8891,1029.79,442.54,0.9303,1034.69,467.03,0.9768,1039.59,528.26,0.9298,978.36,594.39,0.8952,1105.72,599.29,0.8942,980.8,594.39,0.8894,1110.61,596.84,0.8102,997.95,591.94,0.9477,1103.27,579.69,0.8358,37.23,51.74,121.26,69.34,41.63,50.19,6.74,nan,975.3,415.84,1096.53,603.94
33.0,991.12,454.49,0.9349,995.88,452.11,0.9049,991.12,452.11,0.934,1005.39,454.49,0.9349,1003.01,454.49,0.6837,1012.52,473.51,0.8992,1000.63,475.89,0.8688,1031.55,492.54,0.9539,991.12,494.92,0.9351,1029.17,516.32,0.9547,974.47,485.4,0.9226,1007.77,528.21,0.8713,1007.77,528.21,0.8603,976.85,554.36,0.9598,1024.41,566.25,0.9573,957.83,594.79,0.9092,1064.84,566.25,0.8664,1003.01,442.6,0.9291,1005.39,466.38,0.9152,1007.77,528.21,0.9435,936.43,594.79,0.8816,1081.48,580.52,0.9255,938.81,597.17,0.9217,1079.1,578.14,0.8564,957.83,601.92,0.9563,1071.97,561.5,0.9254,66.37,24.56,93.18,50.71,40.6,64.8,3.51,nan,936.97,428.57,1066.67,611.2
34.0,960.74,456.71,0.9516,963.17,451.85,0.9756,960.74,454.28,0.9520000000000001,972.87,454.28,0.9106,972.87,454.28,0.8975,982.58,476.12,0.9074,972.87,473.69,0.8829,997.14,500.38,0.9229999999999999,977.73,500.38,0.8963,987.43,522.22,0.9293,960.74,505.24,0.7049,980.15,529.5,0.8493,980.15,529.5,0.8434,955.89,563.47,0.9075,982.58,570.75,1.0179,936.47,599.87,0.9448,1023.83,558.62,0.9712,968.02,442.15,0.9379,975.3,463.99,0.919,980.15,527.08,0.9138,917.06,604.72,0.9286,1040.82,568.33,0.8914,919.49,607.15,0.9601,1038.39,565.9,0.8828,938.9,607.15,0.9277,1028.68,551.34,0.8604,103.02,7.47,84.36,54.93,46.13,47.89,14.04,180.0,908.49,432.68,1029.97,619.04
35.0,930.86,457.67,0.9267,933.34,455.19,0.9207,930.86,455.19,0.9279,943.26,455.19,0.9208,943.26,455.19,0.725,953.18,475.03,0.9056,943.26,477.51,0.8959,955.66,504.79,0.8815,945.74,504.79,0.8496,938.3,524.63,0.7759,930.86,519.67,0.8547,953.18,527.11,0.8736,948.22,527.11,0.8096,935.82,566.8,0.8953,938.3,569.28,0.8182,928.38,611.44,0.9282,975.51,559.36,0.8326,940.78,445.27,0.9057,945.74,467.59,0.9353,953.18,524.63,0.9739,908.54,618.88,0.9189,992.87,571.76,0.8829,913.5,621.36,1.0016,990.39,569.28,0.8314,930.86,616.4,0.9439,980.47,551.92,0.878,118.17,14.17,50.19,45.95,50.47,59.98,5.1,116.57,908.28,440.55,985.68,631.04
36.0,899.75,460.53,0.8887,904.35,455.93,0.9177,902.05,455.93,0.9209999999999999,915.85,460.53,0.8714,915.85,458.23,0.7022,920.45,481.23,0.8749,915.85,478.93,0.8637,913.55,513.42,0.9256,918.15,511.12,0.7384,890.55,518.02,0.9541,911.25,529.52,0.4467,927.35,534.12,0.8665,918.15,531.82,0.7937,915.85,568.62,0.9001,890.55,561.72,0.9429,922.75,612.31,0.8553,925.05,566.32,0.7721,911.25,446.73,0.9077,915.85,472.03,0.9424,925.05,529.52,0.8688,906.65,621.51,0.8607,934.25,575.52,0.6899,908.95,621.51,0.8597,931.95,577.82,0.6408,927.35,619.21,0.9175,934.25,559.42,0.8012,125.11,27.41,24.64,66.6,37.41,69.23,1.21,81.87,883.27,446.96,950.73,623.58
37.0,870.52,462.24,0.9398,875.16,457.59,0.9404,872.84,457.59,0.9428,886.78,459.92,0.9363,889.1,462.24,0.8417,886.78,483.15,0.8878,896.07,480.82,0.8511,877.49,511.02,0.9389,910.01,506.38,0.8079,851.93,504.05,0.9265,905.36,522.64,0.7265,891.42,534.25,0.8488,898.39,534.25,0.7774,854.26,552.84,0.8282,898.39,573.74,0.7514,889.1,573.74,0.7553,921.62,608.59,0.5905,882.13,448.3,0.9339,886.78,471.53,0.9141,896.07,531.93,0.9156,905.36,622.52,0.7402,884.46,596.97,0.7185,910.01,622.52,0.7379,886.78,594.65,0.5446,928.59,613.23,0.6934,893.75,576.07,0.3688,33.69,122.47,44.56,86.82,141.04,40.6,2.56,71.56,843.56,446.21,927.68,624.62
38.0,843.08,460.38,0.9435,847.65,458.1,0.9225,843.08,458.1,0.917,856.78,460.38,0.9152,859.07,460.38,0.8926,856.78,480.93,0.9125,868.2,478.65,0.9008,845.37,503.77,0.9228,884.19,501.48,0.9558,827.1,492.35,0.9019,877.34,519.75,0.8898,859.07,533.46,0.8102,868.2,533.46,0.805,820.25,547.16,0.5534,879.62,569.99,0.9329999999999999,836.23,583.7,0.5988,911.59,601.96,0.6578,852.22,448.96,0.9608,859.07,469.51,0.9736,861.35,533.46,0.9587,827.1,597.4,0.5437,824.81,597.4,0.4125,824.81,597.4,0.5942,911.59,617.95,0.4718,843.08,585.98,0.6566,916.16,604.25,0.6713,27.65,94.19,55.55,95.44,138.01,57.32,16.39,0.0,810.1,446.91,924.02,622.29
39.0,815.01,460.96,0.9706,817.1,456.78,0.9313,815.01,456.78,0.9227,829.64,458.87,0.9236,829.64,460.96,0.9017,825.46,477.67,0.9101,837.99,475.58,0.8834,810.83,500.65,0.8953,854.71,494.39,0.9418,796.21,481.85,0.9128,846.35,515.28,0.8611,831.72,531.99,0.8029,829.64,531.99,0.6681,852.62,569.6,0.8991,794.12,546.62,0.9178,890.23,592.58,0.802,789.94,592.58,0.8571,823.37,448.42,0.8871,827.55,469.32,0.9496,831.72,531.99,0.9259,898.58,613.48,0.8007,773.22,598.85,0.8958,898.58,609.3,0.7875,773.22,596.76,0.9249,896.49,588.41,0.769,794.12,596.76,0.89,62.43,29.52,63.43,109.65,64.25,36.77,7.5,nan,776.25,450.72,893.47,611.18
40.0,784.02,460.43,0.9228,786.16,456.15,0.9362,784.02,456.15,0.8463,798.98,458.29,0.9329,798.98,458.29,1.0115,796.84,475.38,0.9101,811.79,477.52,0.9328,786.16,498.88,0.9648,824.61,496.74,0.9329999999999999,766.93,492.47,0.8814,816.06,515.97,0.9686,798.98,530.92,0.885,807.52,530.92,0.8655,769.07,558.69,0.8577,816.06,569.37,0.8412,754.12,599.28,0.8896,858.79,575.78,0.6248,794.7,445.47,0.9152,798.98,466.84,0.8985,801.11,528.78,0.9476,737.03,601.41,0.8625,873.74,590.73,0.5157,737.03,603.55,0.882,875.88,588.6,0.4337,756.25,605.69,0.9059,867.33,571.51,0.615,68.94,26.9,57.65,83.99,36.47,62.65,9.33,63.43,736.16,439.28,838.29,603.34
41.0,752.28,463.81,0.9254,754.67,459.01,0.9326,752.28,459.01,0.9131,766.66,459.01,0.9092,766.66,461.41,0.8079999999999999,766.66,475.79,0.8888,781.04,478.19,0.8925,761.86,502.16,0.9691,790.63,504.56,0.9762,740.29,514.15,0.93,776.25,518.94,0.7567,771.45,530.93,0.8651,773.85,530.93,0.7657,773.85,576.47,0.8388,747.48,562.09,0.9588,819.4,566.88,0.855,733.1,605.24,0.9043,759.47,447.03,0.9277,769.06,468.6,0.8952,773.85,528.53,0.9011,833.78,576.47,0.8022,713.92,610.03,0.9213,833.78,574.07,0.8233,716.32,607.64,0.9606,821.79,559.69,0.8158,735.5,610.03,0.8737,21.8,98.88,64.98,50.64,57.53,45.58,19.39,135.0,711.93,432.88,814.2,616.98
42.0,722.03,463.24,0.9423,724.62,460.65,0.9343,722.03,460.65,0.9252,734.99,460.65,0.9184,737.58,460.65,0.8214,737.58,478.8,0.9164,745.36,476.21,0.8503,734.99,509.91,0.9466,745.36,507.32,0.7287,722.03,530.65,0.8739,729.81,528.06,0.7642,745.36,530.65,0.9257,745.36,530.65,0.8537,727.21,569.54,0.9701,729.81,569.54,0.8502,722.03,613.61,0.8848,768.7,564.35,0.7123,732.4,450.28,0.9506,737.58,471.02,0.9481,745.36,528.06,0.9292,703.88,621.39,0.8792,781.66,569.54,0.5687,706.47,623.98,0.8946,779.07,569.54,0.6751,724.62,618.8,0.9453,773.88,559.17,0.7159,119.4,18.31,36.87,27.24,29.4,60.09,6.27,180.0,701.82,434.98,770.76,634.09
43.0,695.4,465.45,0.9442,697.87,460.52,0.9725,695.4,460.52,0.9663,710.21,465.45,0.9332,710.21,462.98,1.0291,710.21,482.73,0.9091,717.62,480.26,0.8882,715.15,512.36,0.9625,710.21,509.89,0.9409,710.21,537.05,0.9214,688.0,512.36,0.9434,715.15,537.05,0.8835,722.56,534.58,0.8886,688.0,561.73,0.9252,707.75,574.08,0.7223,717.62,616.04,0.6442,720.09,616.04,0.823,705.28,450.64,0.9457,707.75,475.33,0.9533,720.09,532.11,0.8719,705.28,623.45,0.7974,702.81,625.92,0.8788,707.75,625.92,0.8226,705.28,623.45,0.8048,725.03,620.98,0.7036,727.49,620.98,0.7729,36.95,76.34,69.62,20.77,76.64,87.65,6.55,90.0,674.45,441.01,733.64,630.61
44.0,665.98,466.85,0.9355,670.4,462.43,0.9315,665.98,462.43,0.9454,681.44,466.85,0.9502,679.23,466.85,0.8282,683.65,482.31,0.9364,679.23,484.52,0.8953,696.9,506.6,1.0072,670.4,511.02,0.8578,696.9,533.1,0.9144,652.73,497.77,0.9435,681.44,537.52,0.8687,685.86,539.72,0.8329,646.11,552.97,0.9305,694.69,579.47,0.8705,683.65,575.06,0.8903,716.78,614.81,0.9418,674.82,453.6,0.9479,679.23,475.68,0.9413,683.65,537.52,0.9309,681.44,592.72,0.9608,701.32,623.64,0.9475,683.65,590.51,0.8911,703.53,623.64,0.9251,690.28,575.06,0.8885,723.4,619.22,0.8951,19.48,125.9,108.43,28.61,92.26,66.66,7.22,45.0,626.33,451.61,721.1,621.21
45.0,637.92,465.45,0.8882,642.56,460.81,0.9601,637.92,463.13,0.8749,651.84,465.45,0.9279,651.84,465.45,0.8064,651.84,481.69,0.9666,651.84,484.01,0.8132,672.71,500.24,0.9465,637.92,504.88,0.8229,675.03,528.07,0.9003,626.32,488.64,0.902,654.16,537.35,0.8226,658.8,539.67,0.8589,612.41,544.31,0.9051,677.35,576.78,0.9163,630.96,583.74,0.894,705.18,606.93,0.8898,647.2,453.85,0.9821,649.52,474.73,0.8989,654.16,537.35,0.9256,619.37,597.65,0.8875,700.54,625.49,0.9289,621.69,597.65,0.9332,705.18,623.17,0.9052,635.6,586.06,0.9184,712.14,606.93,0.9177,16.14,105.74,110.77,43.6,56.75,65.01,2.1,nan,605.38,447.13,714.53,625.25
46.0,605.87,464.94,0.8882,610.01,462.87,0.8935,607.94,462.87,0.8652,620.35,464.94,0.899,622.42,464.94,0.7962,628.62,483.55,0.8545,618.28,483.55,0.8806,645.17,500.1,0.9121,605.87,502.17,0.9008,647.24,524.93,0.9259,597.59,479.42,0.9622,624.49,535.27,0.8438,624.49,537.34,0.8193,583.11,547.68,0.7731,649.31,572.5,0.8419,578.98,591.12,0.6176,684.47,595.26,0.6126,616.21,452.52,0.9573,620.35,475.28,0.9225,624.49,535.27,0.8935,562.43,595.26,0.9028,694.82,613.88,0.7419,564.5,597.33,0.8894,692.75,611.81,0.7415,583.11,595.26,0.8705,690.68,591.12,0.7726,21.88,67.86,126.33,40.24,28.04,70.52,6.36,nan,565.46,450.66,685.58,609.53
47.0,574.36,465.27,0.9435,578.73,460.91,0.9074,574.36,460.91,0.9263,589.63,463.09,0.9372,589.63,463.09,0.8127,596.17,480.53,0.914,589.63,482.71,0.8609,613.61,500.16,1.0032,580.91,504.52,0.8732,611.43,528.51,0.9712,565.64,491.44,0.9308,591.81,535.05,0.8827,600.53,537.23,0.8647,556.92,556.85,0.9418,615.8,574.3,0.9692,539.47,598.28,0.9305,657.23,578.66,0.9169,585.27,450.0,0.9357,589.63,473.99,0.9211,596.17,535.05,0.9158,519.85,598.28,0.932,668.13,596.1,0.7509999999999999,522.03,602.64,0.9244,668.13,593.92,0.5778,541.66,604.83,0.9025,663.77,574.3,0.8143,61.61,35.16,108.8,46.03,51.99,67.17,4.19,26.56,514.6,445.86,627.58,613.33
48.0,544.67,465.75,0.9045,547.51,460.93,0.946,544.67,460.93,0.9021,558.28,462.91,0.9227,558.29,461.75,0.883,563.93,481.33,0.9146,561.46,481.32,0.912,577.54,505.71,0.9811,559.42,505.71,0.9181,568.74,530.93,0.8976,531.92,510.52,0.8033,565.57,534.09,0.86,571.59,534.04,0.8937,536.75,562.95,0.9211,573.92,573.75,0.9295,517.48,605.74,0.9625,612.01,569.74,0.8779,553.48,450.13,0.9425,559.13,472.58,0.9515,568.76,532.06,0.9268,495.9,607.75,0.927,631.75,578.75,0.7885,497.9,610.55,0.8764,631.75,576.48,0.6569,518.32,612.53,0.8732,618.3,563.6,0.8466,92.64,20.72,75.28,48.38,30.55,60.43,4.92,67.6,505.2,442.56,583.23,617.17
49.0,512.16,465.8,0.9172,517.41,460.55,0.9429,514.79,460.55,0.9317,527.91,463.17,0.9333,530.53,463.17,0.9677,533.16,481.55,0.9244,538.41,481.55,0.8943,535.78,513.04,0.8966,538.41,513.04,0.8695,517.41,531.41,0.8392,517.41,523.54,0.9233,538.41,534.04,0.8989,541.03,534.04,0.8246,517.41,576.03,0.907,522.66,570.78,0.7119,506.91,615.4,0.9034,569.9,568.16,0.6963,522.66,450.05,0.9103,530.53,471.05,0.9089,538.41,531.41,0.8695,485.92,623.28,0.9733,588.28,578.66,0.4822,488.54,625.9,0.883,585.65,576.03,0.4474,509.54,623.28,0.8959999999999999,572.53,560.28,0.5777,119.74,11.63,63.43,49.76,32.92,54.51,13.12,135.0,487.66,442.44,565.54,644.01
50.0,487.01,467.76,0.9235,489.61,465.17,0.9272,487.01,462.58,0.9363,499.98,467.76,0.9574,499.98,467.76,0.99,499.98,485.92,0.9298,507.76,483.32,0.8841,497.39,519.63,0.9828,502.57,517.03,0.8108,471.45,527.41,0.9784,474.05,524.81,0.6813,510.35,537.78,0.9244,510.35,537.78,0.8324,492.2,574.09,0.8225,487.01,568.9,0.8864,505.17,620.76,0.8754,502.57,615.58,0.6817,494.79,452.2,0.9329999999999999,499.98,478.14,0.9575,510.35,535.19,0.9361,484.42,628.54,0.9389,487.01,625.95,0.5655,487.01,628.54,0.9185,489.61,623.36,0.5574,510.35,625.95,0.9115,507.76,620.76,0.5929,55.3,42.09,66.0,68.9,74.74,84.97,1.01,180.0,463.19,444.68,528.99,643.84
51.0,457.23,468.46,0.9352,459.81,465.88,0.9484,454.66,465.88,0.9491,472.7,468.46,0.9648,470.12,468.46,1.0018,470.12,489.09,0.9402,483.01,486.51,0.8674,454.66,520.02,0.9420000000000001,493.33,512.29,0.917,431.45,512.29,0.9592,488.17,527.76,0.8325,475.28,543.23,0.9647,480.44,543.23,0.8508,480.44,584.47,0.8661,441.76,556.12,0.8203,503.64,617.99,0.9966,472.7,576.74,0.7338,464.97,452.99,0.9078,470.12,478.77,0.958,477.86,540.65,0.9265,485.59,628.3,0.9587,472.7,592.21,0.6045,488.17,630.88,0.8804,470.12,589.63,0.6294,508.79,623.15,0.9279999999999999,477.86,579.32,0.5820000000000001,127.87,27.57,40.24,81.87,56.31,94.95,4.18,90.0,415.49,445.52,517.03,643.51
52.0,424.87,469.06,0.9159,427.22,464.35,0.9096,424.87,464.35,0.8962,439.01,466.7,0.9192,441.36,466.7,0.8504,436.65,490.27,0.9354,455.5,485.56,0.937,420.15,513.84,0.8964,469.64,506.77,1.0335,406.01,494.98,0.9705,462.57,527.98,0.8718,443.72,542.12,0.9208,453.15,539.76,0.8449,408.37,551.54,0.9158,460.22,579.82,0.8325,429.58,586.89,0.8334,490.85,610.46,0.7383,434.29,454.92,0.9464,441.36,476.13,0.956,448.43,539.76,0.9541,486.14,629.31,0.5893,417.8,605.74,0.5235,488.5,629.31,0.5938,420.15,605.74,0.452,436.65,589.25,0.7040000000000001,439.01,591.6,0.2099,34.99,106.03,52.12,108.14,138.69,22.17,12.09,26.57,379.46,452.8,500.91,633.79
53.0,395.97,466.51,0.922,400.25,462.23,0.9117,398.11,462.23,0.8367,410.95,464.37,0.8846,413.09,466.51,0.8139,404.53,485.76,0.9472,425.93,483.62,0.8988,385.27,507.16,0.8719,443.04,502.88,0.9765,376.71,490.04,0.9489,436.62,524.28,0.9284,415.23,539.26,0.8407,419.51,537.12,0.7771,436.62,577.78,0.9672,378.85,552.1,0.8746,470.86,601.31,0.894,378.85,594.89,0.8448,406.67,453.67,0.9336,410.95,475.07,0.9129,417.37,537.12,0.9169,479.42,620.57,0.8297,363.87,603.45,0.9158,479.42,618.43,0.828,363.87,601.31,0.9286,475.14,599.17,0.8584,385.27,601.31,0.8596,69.78,26.44,58.33,111.45,60.26,31.53,5.4,45.0,357.15,451.74,475.44,616.08
54.0,367.32,467.15,0.934,369.44,462.91,0.9208,367.32,462.91,0.9103,380.05,465.03,0.8633,382.17,467.15,0.8404,375.8,482.0,0.9071,397.02,484.13,0.9426,358.83,505.34,0.9505,413.99,503.22,0.8983,346.1,494.73,0.8887,405.51,524.44,0.9505,384.29,537.17,0.843,390.66,537.17,0.787,401.26,577.48,0.8151,352.47,558.38,0.8063,445.82,588.08,0.9065,337.62,602.94,0.6738,375.8,454.42,0.892,382.17,473.52,0.8876,388.53,535.04,0.9366,458.55,602.94,0.8669,318.52,605.06,0.8738,458.55,600.81,0.8039,320.64,605.06,0.8656,452.18,581.72,0.9133,339.74,607.18,0.8811,42.51,53.77,63.43,93.78,65.22,36.01,12.53,71.56,313.94,450.39,439.79,613.33
55.0,334.86,465.13,0.8846,339.33,462.9,0.8998,337.09,462.9,0.8192,348.25,462.9,0.8826,350.48,462.9,0.8226,346.02,480.75,0.8981,366.1,482.98,0.9012,337.09,507.52,0.9654,379.49,507.52,0.993,312.55,514.21,0.997,366.1,525.37,0.9159999999999999,352.71,536.53,0.9394,359.41,536.53,0.8393,363.87,581.15,0.9103,330.4,569.99,0.904,406.26,572.23,0.9435,312.55,610.16,0.8779,343.79,451.74,0.9342,350.48,471.82,0.9197,357.17,534.3,0.9792,424.11,583.38,0.8629,292.47,610.16,0.9269,421.88,581.15,0.8477,294.7,610.16,0.9651,410.72,565.53,0.8955,314.78,614.62,0.872,16.95,87.85,65.48,56.31,66.04,43.89,12.32,71.57,285.36,449.73,391.06,621.09
56.0,304.78,470.81,0.9357,307.29,465.78,0.935,304.78,465.78,0.8824,317.36,465.78,0.888,322.39,465.78,0.9229,314.84,483.39,0.9484,334.96,483.39,0.9358,309.81,513.57,0.9747,345.02,511.05,0.9312,292.2,531.18,0.9502,327.42,523.63,0.924,319.87,536.21,0.9063,332.45,536.21,0.8341,317.36,581.48,0.8832,307.29,576.45,0.8408,360.12,563.87,0.8351,294.72,616.7,0.8393,312.33,455.72,0.9613,319.87,473.33,0.927,327.42,533.69,0.9513,377.72,576.45,0.8854,277.11,621.73,0.8995,377.72,571.42,0.9959,282.14,621.73,0.9049,362.63,558.84,0.8107,299.75,621.73,0.8558,14.65,115.56,74.45,35.54,56.7,57.92,16.07,45.0,272.43,445.91,364.79,639.08
57.0,274.5,468.68,0.9233,277.06,466.12,0.9433,274.5,463.55,0.8878,289.9,466.12,0.9326,292.47,466.12,0.9508,284.76,486.65,0.9273,305.3,486.65,0.929,287.33,514.89,0.9061,307.87,514.89,0.8674,279.63,540.56,1.0055,271.93,522.59,0.8787,289.9,543.13,0.9452,305.3,543.13,0.9023,271.93,576.5,0.7288,287.33,579.07,0.9373,313.0,563.67,0.8504,289.9,622.71,0.9654,284.76,455.85,0.9468,289.9,476.39,0.9204,300.17,540.56,0.903,328.41,579.07,0.9423,271.93,630.41,0.9215,328.41,579.07,0.9912,274.5,627.84,0.8999,318.14,558.53,0.9139,295.03,627.84,0.971,29.93,135.65,83.1,21.89,70.17,62.35,4.95,40.6,257.36,445.84,330.14,642.99
58.0,243.97,471.09,0.9252,246.46,468.6,0.9504,246.46,468.6,0.898,258.94,471.09,0.8984,261.43,471.09,0.9745,258.94,488.56,0.9427,271.41,486.06,0.927,266.42,513.51,0.9436,258.94,513.51,0.866,263.93,538.46,0.951,236.48,506.02,0.9084,261.43,543.45,0.8926,276.4,543.45,0.9168,229.0,563.41,0.8869,276.4,583.37,0.8141,261.43,570.9,1.0249,288.88,620.8,0.9549,256.44,456.12,0.9263,258.94,478.58,0.9044,271.41,540.96,0.8532,266.42,588.36,0.6725,271.41,630.78,0.8931,263.93,580.88,0.6681,273.91,630.78,0.8681,268.92,573.39,0.9255,293.87,625.79,0.9112,18.43,135.4,83.99,22.41,78.69,61.06,4.97,40.6,217.38,451.38,298.01,643.0
59.0,215.11,469.59,0.9281,217.41,464.99,0.9181,215.11,467.29,0.8969,228.9,467.29,0.9335,231.2,467.29,0.9058,233.5,487.98,0.909,226.6,487.98,0.8889,244.99,508.66,0.9855,219.71,508.66,0.8999,247.29,531.65,0.9228,203.62,492.57,0.8636,228.9,543.14,0.9009,238.1,545.44,0.9408,189.83,554.63,0.9226,254.19,582.21,0.9089,219.71,584.51,1.0247,281.77,614.39,0.9569,224.31,455.8,0.9529,228.9,478.78,0.9585,233.5,540.84,0.9558,215.11,605.19,0.9265,272.57,632.77,0.9407,215.11,602.9,0.9437,274.87,630.48,0.8959,226.6,586.81,0.9679,288.66,616.69,0.9433,16.97,118.61,116.57,23.34,67.17,57.53,7.07,71.56,175.49,456.03,293.81,632.54
60.0,183.76,470.04,0.9005,188.17,465.62,0.9374,185.96,465.62,0.8498,199.22,467.83,0.9109999999999999,203.63,470.04,0.8565,203.63,485.5,0.9364,197.01,487.71,0.8934,221.3,503.17,1.0004,188.17,505.38,0.8712,221.3,527.46,0.9234,179.34,483.29,0.9528,201.43,542.93,0.8769,205.84,542.93,0.8796,157.25,553.97,0.9241,230.14,578.27,0.9536,168.29,593.73,0.8791,261.06,604.77,0.7688,197.01,456.78,0.9571,199.22,478.87,0.9557,203.63,540.72,0.9082,152.83,604.77,0.8564,269.9,626.86,0.8269,155.04,606.98,0.9387,272.1,622.44,0.8568,172.71,598.14,0.9,269.9,604.77,0.8888,14.89,91.49,131.63,45.0,27.6,69.99,1.62,90.0,143.13,450.38,270.76,620.01
61.0,154.63,466.43,0.8998,158.89,462.17,0.8986,154.63,464.3,0.878,167.41,466.43,0.9316,169.54,466.43,0.8472,173.8,485.6,0.9505,167.41,485.6,0.9414,190.84,502.64,1.0122,161.02,506.9,0.8274,186.58,528.2,0.9468,146.11,487.73,0.9187,169.54,540.98,0.8717,175.93,543.11,0.8528,131.2,558.03,0.888,197.23,579.33,0.958,120.55,602.76,0.8240000000000001,237.7,589.98,0.9463,165.28,453.65,0.9579,167.41,477.08,0.9222,173.8,540.98,0.9321,99.24,607.02,0.9211,248.35,607.02,0.8791,103.5,609.15,0.9131,250.48,604.89,0.8981,122.68,607.02,0.912,244.09,587.85,0.9728,44.79,52.64,125.43,54.46,43.25,65.3,0.52,45.0,93.14,451.74,252.32,615.32
62.0,122.89,468.62,0.8924,125.08,464.25,0.9038,122.89,464.25,0.9159,138.21,466.44,0.9142,138.21,466.44,0.8779,142.58,486.13,0.8929,142.58,483.94,0.8483,155.71,510.2,0.98,138.21,508.01,0.8691,146.96,534.26,0.9225,116.33,503.63,0.8412,138.21,538.64,0.8949,149.15,540.83,0.8505,107.57,569.27,0.9216,160.09,580.21,0.9257,87.88,608.66,0.9603,197.28,578.02,0.8665,133.83,453.31,0.9299,138.21,475.19,0.8907,142.58,538.64,0.9151,68.19,610.84,0.9247,212.6,588.96,0.8681,70.38,613.03,0.8983,212.6,584.59,0.8535,90.07,615.22,0.9395,203.85,571.46,0.9031,77.84,18.43,91.01,48.59,38.9,57.09,7.36,18.43,75.45,451.34,190.02,619.38
63.0,92.19,469.55,0.9431,94.4,465.14,0.9259999999999999,92.19,465.14,0.9352,103.23,467.35,0.8942,107.65,467.35,0.8745,109.86,485.02,0.9367,116.49,482.81,0.9275,114.28,515.95,0.9555,112.07,513.74,0.7992,96.61,535.83,0.9334,89.98,522.58,0.9711,107.65,540.25,0.9012,118.7,540.25,0.8754,85.56,575.6,0.9305,116.49,584.43,0.8958,70.1,617.57,0.9826,151.84,571.18,0.8587,101.03,456.3,0.9325,107.65,476.18,0.9285,112.07,538.04,0.9538,50.21,619.78,0.9575,169.51,582.23,0.9776,52.42,624.2,0.9335,169.51,577.81,0.9088,74.51,624.2,0.8915,156.26,564.55,0.8340000000000001,113.42,11.78,60.07,49.76,52.56,63.43,14.35,45.0,54.26,452.1,158.84,621.77
64.0,62.19,473.95,0.9255,64.8,468.73,0.9379,62.19,468.73,0.8944,75.22,471.34,0.9445,77.83,471.34,0.9094,77.83,489.59,0.9355,88.26,486.98,0.8944,72.62,526.09,0.9044,90.87,518.27,0.8719,51.76,536.52,0.9384,59.58,533.91,0.7390000000000001,83.05,544.34,0.8971,88.26,541.73,0.8674,64.8,580.83,0.9294,67.4,575.62,0.6855,62.19,625.15,0.9486,106.51,573.01,0.6928,70.01,458.31,0.9709,77.83,479.16,0.961,85.65,539.12,0.9616,41.33,632.97,0.8825,119.54,586.05,0.961,46.55,635.58,0.9432,119.54,583.44,1.0717,67.4,630.37,0.9708,109.11,565.19,0.8789,125.42,23.2,68.2,55.3,48.81,66.08,13.12,108.43,33.05,448.14,120.0,648.36
65.0,33.13,475.89,0.9174,35.6,470.95,0.9563,33.13,470.95,0.9272,47.96,473.42,0.9295,47.96,475.89,0.9009,45.49,493.18,0.9074,62.78,490.71,0.8997,30.66,525.3,0.9771,75.13,512.94,0.9898,10.9,520.36,0.9488,67.72,535.18,0.9246,55.37,547.53,0.9259999999999999,57.84,545.06,0.8466,47.96,587.06,0.9235,25.72,567.29,0.8552,62.78,626.59,0.9041,57.84,592.0,0.6702,40.55,461.06,0.8929,47.96,483.3,0.9297,55.37,545.06,0.9398,45.49,634.0,0.9502,60.31,601.88,0.4806,47.96,636.47,0.9908,57.84,601.88,0.4836,70.19,631.53,0.9348,65.25,587.06,0.7135,107.74,31.18,47.49,79.26,38.4,87.36,11.59,90.0,10.51,456.37,77.99,646.1
66.0,2.92,472.48,0.9085,7.69,470.09,0.9576,2.92,470.09,0.8584,17.21,474.86,0.8763,19.6,472.48,0.8577,12.45,493.91,0.8016,33.89,491.53,0.9433,5.31,520.11,0.6654,50.56,510.58,0.9507,2.92,532.02,0.3794,48.18,534.4,0.9273,21.98,543.93,0.7116,29.12,543.93,0.7264,29.12,589.18,0.7309,7.69,567.74,0.6223,60.08,620.14,0.8382,17.21,589.18,0.8279,14.83,460.57,0.8784,17.21,482.0,0.9516,24.36,543.93,0.9057,45.79,634.43,0.9061,7.69,610.61,0.9608,50.56,634.43,0.9411,7.69,608.23,0.8937,69.61,622.52,0.9763,21.98,593.94,0.8467,65.95,36.03,46.9,3.95,47.92,90.0,0.24,0.0,0.0,460.81,70.15,643.72
67.0,-5.94,469.6,0.3591,-8.5,464.47,0.4209,-3.37,464.47,0.4448,-5.94,469.6,0.5801,-3.37,469.6,0.708,1.76,490.14,0.9077,4.33,487.57,0.9711,27.43,508.11,0.9390000000000001,27.43,505.54,1.0948,24.87,528.64,0.9077,27.43,528.64,0.9213,-3.37,544.05,0.8594,-0.8,544.05,0.8589,9.46,585.12,1.0116,12.03,582.55,0.9396,42.83,613.35,0.9394,42.83,613.35,0.9616,-5.94,459.34,0.6554,-3.37,479.87,0.8406,-3.37,541.48,0.8508,47.97,633.89,0.9605,42.83,633.89,1.0067,45.4,631.32,1.0497,47.97,633.89,0.9363,50.53,613.35,0.9895,50.53,613.35,0.9598,26.57,32.41,52.13,62.13,45.0,35.73,7.13,135.0,0.0,459.59,57.43,656.73
68.0,0.48,504.37,0.5379999999999999,0.48,502.16,0.5892,0.48,499.95,0.5972,1.85,509.32,0.6806,-1.3,507.26,0.6575,1.17,505.66,0.6767,0.62,506.24,0.7405,2.69,526.5,0.7138,2.69,522.08,0.5217,0.48,530.93,0.8675,2.69,533.14,0.8022,-3.25,548.25,0.4326,-2.98,549.53,0.4494,-1.97,582.67,0.6915,-0.56,584.69,0.6342,14.62,600.3,0.8758,15.27,601.59,0.8374,0.76,496.71,0.8386,-1.23,506.59,0.7032,-5.45,548.0,0.4882,28.12,614.36,0.7151,28.77,620.75,0.7683,24.11,614.36,0.8301,29.89,616.91,0.7898,22.15,601.52,0.8572,23.42,603.7,0.7834,39.2,41.13,7.46,30.74,7.97,0.57,5.53,154.89,0.57,471.39,20.31,641.37
69.0,1209.01,457.39,0.8836,1210.73,455.66,0.8872,1205.56,455.66,0.9125,1212.46,460.84,0.8779,1200.38,460.84,0.9978,1219.36,476.37,0.9074,1196.92,476.37,0.9362,1222.82,495.36,0.8174,1181.39,481.55,0.9179,1224.54,512.62,0.8338,1184.84,469.47,0.8537,1214.19,516.08,0.8659,1200.38,516.08,0.8818,1214.19,543.69,0.9508,1200.38,545.42,0.8988,1214.19,571.31,0.9119,1200.38,571.31,0.9012,1207.28,452.21,0.8617,1207.28,469.47,0.9344,1207.28,514.35,0.9407,1219.36,576.49,0.8154,1203.83,576.49,0.943,1221.09,574.77,0.8662,1200.38,576.49,0.8987,1212.46,574.77,0.9116,1198.65,574.77,0.8696,0.0,0.0,124.38,4.59,33.69,45.0,0.0,28.07,1180.05,452.38,1229.33,584.95
70.0,1209.11,457.67,0.8802,1210.84,455.94,0.8947,1205.66,455.94,0.9095,1212.57,461.13,0.8744,1200.48,461.13,1.0127,1217.75,476.67,0.9044,1197.02,476.67,0.9061,1222.93,493.95,0.8207,1181.47,481.86,0.9152,1224.66,511.22,0.8311,1184.93,469.76,0.8725,1214.3,514.68,0.8675,1200.48,516.4,0.8934,1214.3,544.04,0.9413,1200.48,544.04,0.9118,1214.3,569.96,0.9067,1200.48,571.68,0.9123,1207.39,452.49,0.8747,1207.39,469.76,0.9374,1207.39,514.68,0.938,1221.21,576.87,0.8258,1205.66,576.87,0.9393,1221.21,575.14,0.883,1202.2,576.87,0.8895,1212.57,573.41,0.9107,1198.75,575.14,0.8828,0.0,0.0,124.38,10.99,45.0,45.0,0.0,14.04,1180.13,452.66,1229.46,585.33
71.0,1207.55,461.59,0.8588,1209.26,459.87,0.8595,1204.12,458.16,0.8813,1212.68,461.59,0.8816,1200.69,461.59,0.9895,1217.82,475.29,0.9057,1195.55,477.0,0.9063,1222.96,494.13,0.8009999999999999,1180.14,482.14,0.8711,1224.68,511.26,0.8388,1185.28,470.15,0.8644,1214.4,516.4,0.87,1200.69,516.4,0.8841,1214.4,543.81,0.9396,1200.69,543.81,0.9094,1214.4,569.51,0.9089,1200.69,572.93,0.8889,1207.55,453.02,0.9113,1205.83,470.15,0.9229,1207.55,514.69,0.9374,1219.54,576.36,0.8392,1205.83,578.07,0.9245,1221.25,574.65,0.887,1200.69,578.07,0.8944,1210.97,574.65,0.9132,1198.98,574.65,0.8808,0.0,0.0,131.63,9.54,45.0,36.87,7.91,28.07,1179.74,453.19,1230.21,584.75
72.0,1208.96,457.7,0.8709,1210.69,455.97,0.8864,1205.5,455.97,0.9004,1212.41,461.15,0.873,1200.32,461.15,1.0098,1219.33,476.7,0.9073,1196.86,476.7,0.9307,1222.78,493.99,0.8347,1181.31,481.89,0.9066,1224.51,511.27,0.8372,1184.76,469.79,0.8751,1214.14,516.45,0.8758,1200.32,516.45,0.8991,1214.14,544.1,0.97,1200.32,544.1,0.9226,1214.14,570.02,0.9181,1200.32,571.75,0.9229,1207.23,452.51,0.8809,1207.23,469.79,0.9418,1207.23,514.72,0.9492,1221.05,576.93,0.8252,1203.77,576.93,0.9702,1222.78,575.2,0.8761,1200.32,576.93,0.9022,1212.41,573.48,0.9199,1198.59,573.48,0.8899,0.0,0.0,124.38,5.6,33.69,45.0,0.0,28.07,1179.72,452.68,1229.56,585.4
73.0,1207.33,456.91,0.8674,1210.8,456.91,0.8826,1205.59,455.17,0.9109,1212.54,460.39,0.8698,1200.37,460.39,0.9908,1217.76,477.77,0.9344,1196.9,476.03,0.9327,1222.97,496.89,0.8297,1181.25,481.25,0.8745,1224.71,512.54,0.8697,1184.73,469.08,0.8687,1214.28,516.01,0.8648,1200.37,516.01,0.8798,1214.28,543.82,0.9401,1200.37,543.82,0.9124,1214.28,569.9,0.9098,1200.37,571.64,0.9102,1207.33,451.7,0.8872,1207.33,469.08,0.9590000000000001,1207.33,516.01,0.9428,1221.23,576.85,0.8234,1203.85,576.85,0.9640000000000001,1221.23,575.11,0.8698,1200.37,576.85,0.9089,1210.8,573.37,0.9167,1198.63,575.11,0.8867,0.0,0.0,124.38,8.92,33.69,45.0,0.0,0.0,1179.57,451.87,1229.87,585.37
74.0,1208.74,457.26,0.8457,1210.47,455.52,0.8866,1207.0,455.52,0.8869,1212.21,460.74,0.8684,1201.79,460.74,0.9917,1219.16,476.37,0.9249,1196.58,476.37,0.9418,1222.64,495.48,0.8499,1180.94,481.58,0.8694,1224.37,511.12,0.8565,1184.42,469.42,0.7882,1215.69,516.33,0.8765,1200.05,516.33,0.8946,1215.69,544.13,0.9575,1201.79,544.13,0.9218,1213.95,570.18,0.9063,1200.05,571.92,0.9222,1207.0,452.05,0.8837,1207.0,469.42,0.9476,1207.0,514.59,0.9523,1220.9,577.13,0.8269,1203.53,577.13,0.9578,1222.64,575.4,0.8733,1200.05,577.13,0.8957,1212.21,573.66,0.9075,1198.31,573.66,0.893,7.15,3.81,124.38,3.96,37.27,48.81,0.0,25.35,1179.33,452.22,1229.46,585.65
75.0,1208.87,457.2,0.8759999999999999,1208.87,455.47,0.8845,1205.4,455.47,0.9111,1212.34,460.67,0.8764,1200.2,460.67,0.9825,1217.55,476.28,0.9266,1196.73,476.28,0.9447,1222.75,495.36,0.8498,1181.12,481.49,0.8708,1224.48,510.97,0.8645,1184.59,469.34,0.8439,1214.08,516.18,0.8687,1200.2,516.18,0.8835,1214.08,543.93,0.9371,1200.2,543.93,0.9219,1214.08,569.95,0.9055,1200.2,571.68,0.9159999999999999,1207.14,452.0,0.8663,1207.14,469.34,0.9499,1207.14,516.18,0.9442,1221.02,576.89,0.8075,1203.67,576.89,0.9553,1222.75,575.15,0.8491,1200.2,576.89,0.8905,1210.61,573.42,0.8998,1198.47,575.15,0.8821,0.0,0.0,124.38,8.92,33.69,45.0,0.0,0.0,1179.52,452.17,1229.55,585.39
76.0,1209.11,459.11,0.8482,1210.84,457.38,0.8679,1205.66,457.38,0.8831,1212.57,460.84,0.8855,1200.48,460.84,0.983,1217.75,476.38,0.9329,1197.02,476.38,0.9308,1222.93,495.38,0.8601,1179.75,481.57,0.8704,1224.66,510.93,0.8584,1184.93,469.47,0.8674,1214.29,516.11,0.8649,1200.48,516.11,0.8855,1214.29,543.75,0.9359,1200.48,543.75,0.9181,1214.29,569.66,0.9035,1200.48,571.38,0.9151,1207.38,452.2,0.8712,1207.38,469.47,0.9434,1207.38,516.11,0.9440000000000001,1219.48,576.57,0.8074,1203.93,576.57,0.94,1221.2,574.84,0.853,1200.48,576.57,0.8918,1210.84,573.11,0.8977,1198.75,574.84,0.8789,0.0,0.0,129.9,8.91,33.69,36.87,0.0,0.0,1179.39,452.37,1230.19,585.03
77.0,1207.75,456.94,0.882,1209.49,455.2,0.8901,1206.01,455.2,0.9188,1212.97,460.42,0.8842,1200.79,460.42,1.0014,1218.19,476.07,0.9335,1195.57,476.07,0.9169,1223.41,495.21,0.8474,1181.66,481.29,0.883,1225.14,510.86,0.8704,1185.14,469.12,0.8381,1214.71,516.08,0.8649,1200.79,516.08,0.8872,1214.71,543.91,0.9463,1200.79,543.91,0.9094,1214.71,570.0,0.8916,1200.79,571.74,0.9078,1207.75,451.72,0.8845,1207.75,469.12,0.9464,1207.75,514.34,0.9418,1219.93,576.96,0.8140000000000001,1204.27,576.96,0.9512,1221.67,575.22,0.8739,1200.79,576.96,0.9077,1211.23,573.48,0.8987,1199.05,573.48,0.8908,0.0,0.0,126.5,8.92,33.69,36.87,0.0,28.07,1179.31,451.9,1230.97,585.48
78.0,1209.55,457.16,0.8877,1211.29,457.16,0.8998,1206.07,455.42,0.9179999999999999,1213.03,460.64,0.8789,1200.85,460.64,0.9986,1218.26,476.32,0.9209,1197.36,476.32,0.8977,1223.48,495.47,0.8441,1181.69,479.8,0.7979,1225.22,511.14,0.8567,1185.17,467.61,0.8086,1214.78,516.36,0.8533,1200.85,516.36,0.878,1214.78,544.23,0.9309999999999999,1200.85,544.23,0.9158,1214.78,570.34,0.8807,1199.1,572.09,0.9081,1207.81,451.94,0.8764,1207.81,469.35,0.9234,1207.81,514.62,0.9297,1220.0,575.57,0.8078,1204.33,577.31,0.9183,1221.74,573.83,0.8569,1200.85,577.31,0.8759999999999999,1211.29,573.83,0.8799,1199.1,573.83,0.8803,3.58,0.0,118.47,8.91,48.58,45.0,0.0,28.07,1179.4,452.11,1231.0,585.84
79.0,1207.83,458.48,0.878,1209.57,456.74,0.8952,1204.34,456.74,0.9283,1213.06,460.23,0.8894,1200.85,460.23,0.9767,1218.29,477.66,0.9242,1197.37,475.92,0.9158,1221.78,496.84,0.8578,1183.42,481.15,0.5525,1225.26,510.79,0.8751,1186.91,467.2,0.6928,1214.8,516.02,0.8503,1200.85,516.02,0.8784,1214.8,543.91,0.929,1200.85,543.91,0.9214,1214.8,570.07,0.8828,1200.85,571.81,0.9149,1207.83,451.51,0.8804,1206.09,468.94,0.927,1207.83,516.02,0.9287,1220.03,575.3,0.8023,1204.34,577.04,0.9415,1221.78,575.3,0.8572,1200.85,577.04,0.8937,1211.32,573.55,0.8908,1199.11,575.3,0.8784,0.0,0.0,124.59,3.73,33.69,45.0,7.83,0.0,1179.41,451.68,1231.01,585.58
80.0,1209.85,457.71,0.8859999999999999,1211.61,457.71,0.8867,1208.08,455.94,0.8637,1213.37,461.23,0.9025,1201.04,459.47,0.9756,1218.65,477.09,0.9187,1197.51,475.32,0.9285,1222.18,496.46,0.8537,1183.42,480.61,0.7567,1223.94,512.32,0.846,1186.94,468.28,0.8141,1215.13,515.84,0.857,1201.04,515.84,0.8852,1215.13,544.03,0.8997,1201.04,544.03,0.9119,1213.37,570.46,0.8894,1199.28,572.22,0.9072,1208.08,452.42,0.9114,1208.08,470.04,0.9470000000000001,1208.08,515.84,0.9396,1220.42,575.74,0.8339,1202.8,577.5,0.925,1220.42,575.74,0.8749,1199.28,577.5,0.8938,1211.61,573.98,0.9088,1199.28,573.98,0.8747,3.58,3.81,126.5,3.96,37.27,56.94,0.0,0.0,1180.3,450.84,1230.59,586.13
81.0,1211.89,457.85,0.8699,1211.89,457.85,0.8684,1208.37,456.09,0.8835,1213.65,461.36,0.8859,1203.09,459.6,0.9841,1217.17,477.2,0.9053,1197.82,475.44,0.909,1222.45,496.55,0.8128,1183.74,480.72,0.7319,1224.21,510.63,0.8485,1187.26,468.4,0.8006,1215.41,515.91,0.8605,1201.33,515.91,0.8881,1215.41,544.06,0.8984,1201.33,544.06,0.9159,1213.65,570.45,0.8946,1199.58,570.45,0.8946,1208.37,452.57,0.9005,1206.61,470.16,0.9589,1208.37,514.15,0.9379,1218.93,575.73,0.8288,1204.85,577.49,0.9129,1220.69,573.97,0.8812,1201.33,577.49,0.8866,1211.89,573.97,0.9076,1199.58,573.97,0.8711,3.81,3.81,126.5,8.13,40.68,48.81,8.0,28.07,1180.5,450.98,1230.96,586.11
82.0,1211.81,457.92,0.8821,1211.81,457.92,0.885,1208.29,456.16,0.8978,1213.57,461.44,0.8854,1201.26,459.68,0.996,1217.09,477.27,0.9041,1197.74,475.51,0.9106,1222.37,496.63,0.8379,1183.66,482.55,0.7711,1225.89,512.47,0.8533,1187.18,468.47,0.8176,1215.33,515.99,0.8552,1201.26,515.99,0.8848,1215.33,544.15,0.8949,1201.26,544.15,0.9116,1213.57,570.54,0.899,1199.5,572.3,0.8951,1208.29,452.64,0.9057,1206.53,470.23,0.9573,1208.29,514.23,0.9382,1220.61,575.82,0.8285,1204.78,577.58,0.9186,1220.61,574.06,0.8721,1201.26,577.58,0.8933,1211.81,574.06,0.9093,1199.5,574.06,0.8735,3.58,3.81,130.6,2.73,48.58,56.94,8.0,28.07,1180.67,451.05,1230.64,586.21
83.0,1210.34,457.58,0.898,1212.11,457.58,0.903,1208.58,455.81,0.8875,1213.88,461.12,0.8954,1201.5,459.35,0.9845,1217.41,477.03,0.9149,1197.97,475.26,0.9276,1222.72,494.71,0.8391,1182.06,484.1,0.8153,1224.49,510.62,0.878,1185.59,469.96,0.8420000000000001,1215.65,515.92,0.8564,1199.74,515.92,0.8814,1213.88,544.21,0.8971,1201.5,544.21,0.8998,1213.88,570.73,0.8992,1199.74,570.73,0.8981,1208.58,452.28,0.8905,1206.81,469.96,0.9617,1208.58,514.16,0.9329999999999999,1220.95,576.03,0.8438,1203.27,577.8,0.9153,1220.95,574.26,0.8853,1199.74,577.8,0.8964,1212.11,574.26,0.8978,1199.74,574.26,0.87,7.39,3.58,133.09,10.36,30.38,53.13,8.0,25.35,1181.02,450.69,1230.83,586.46
84.0,1203.11,459.11,0.8867,1206.64,459.11,0.9018,1203.11,457.34,0.9383,1211.94,462.64,0.9319,1201.34,460.87,0.9359,1219.0,476.77,0.8922,1197.81,476.77,0.9425,1222.53,496.19,0.8414,1183.68,480.3,0.8745,1224.3,512.09,0.8427,1187.21,469.7,0.8716,1215.47,515.62,0.8398,1201.34,515.62,0.8744,1213.7,545.64,0.8993,1201.34,543.88,0.8977,1213.7,570.37,0.9074,1199.58,572.13,0.9014,1206.64,452.04,0.8739,1208.41,469.7,0.9139,1206.64,515.62,0.9295,1219.0,575.66,0.8339,1203.11,577.43,0.9104,1220.77,575.66,0.9108,1199.58,577.43,0.8923,1211.94,573.9,0.8986,1199.58,573.9,0.8734,3.58,3.37,122.47,3.96,37.27,45.0,7.91,0.0,1180.86,450.45,1230.65,586.08
85.0,1209.78,458.63,0.8507,1211.52,456.89,0.8744,1206.32,456.89,0.8876,1213.25,462.09,0.8794,1201.12,460.36,0.9812,1218.45,477.69,0.9284,1197.65,477.69,0.9481,1223.65,496.75,0.7992,1182.06,481.16,0.8898,1225.38,512.35,0.8449,1187.25,469.02,0.8465,1214.98,517.55,0.8467,1201.12,517.55,0.8711,1214.98,545.28,0.9129,1201.12,545.28,0.8903,1214.98,571.27,0.9261,1199.39,571.27,0.8966,1208.05,453.43,0.883,1208.05,470.76,0.9588,1208.05,515.82,0.9284,1220.18,576.47,0.8532,1202.85,576.47,0.9372,1221.92,576.47,0.8592,1199.39,576.47,0.9183,1211.52,574.74,0.9179999999999999,1199.39,574.74,0.8734,3.81,0.0,125.73,8.91,37.5,45.0,0.0,28.07,1180.93,451.87,1229.97,584.97
86.0,1209.86,458.77,0.8420000000000001,1209.86,457.04,0.8733,1206.4,457.04,0.8839,1213.32,462.23,0.8727,1201.2,460.5,0.9803,1218.51,477.8,0.93,1197.74,476.07,0.9429,1223.7,496.84,0.8254,1182.17,483.0,0.8555,1225.43,510.68,0.8548,1187.36,469.15,0.8583,1215.05,515.87,0.8429,1201.2,515.87,0.8731,1213.32,545.28,0.9009999999999999,1201.2,545.28,0.8931,1215.05,569.51,0.9074,1199.47,572.97,0.8906,1208.13,453.58,0.8833,1208.13,470.88,0.958,1208.13,515.87,0.9339,1220.24,576.43,0.8503,1202.94,576.43,0.9246,1221.97,574.7,0.8669,1199.47,578.16,0.9109999999999999,1211.59,574.7,0.9082,1199.47,574.7,0.8668,3.58,7.45,134.52,8.13,48.58,32.78,0.0,0.0,1180.98,452.02,1230.08,584.91
87.0,1208.32,459.05,0.8187,1210.05,457.33,0.8499,1206.59,457.33,0.8639,1213.5,460.78,0.8608,1203.14,460.78,0.9616,1218.68,476.33,0.9427,1197.96,476.33,0.9286,1223.87,497.05,0.8495,1184.14,481.51,0.7147,1225.59,510.87,0.8587,1187.59,469.42,0.7688,1215.23,516.05,0.8433,1201.41,516.05,0.8759,1213.5,545.41,0.9155,1201.41,545.41,0.8962,1215.23,569.59,0.8997,1199.68,571.32,0.8857,1208.32,452.14,0.8759,1208.32,469.42,0.9418,1208.32,516.05,0.9204,1220.41,576.5,0.8483,1203.14,576.5,0.9219,1222.14,574.78,0.8728,1199.68,576.5,0.9018,1211.78,574.78,0.8951,1199.68,574.78,0.8609,3.81,7.45,126.5,6.91,37.5,32.78,0.0,0.0,1180.85,452.32,1230.61,584.97
88.0,1208.38,458.91,0.8394,1210.11,457.18,0.872,1206.65,457.18,0.8847,1213.57,462.36,0.8658,1201.47,460.63,0.9773,1218.76,476.2,0.9403,1198.01,477.93,0.9328,1223.95,496.95,0.8378,1184.17,483.12,0.7625,1225.68,512.51,0.8557,1187.63,469.28,0.8108,1215.3,515.97,0.8376,1201.47,515.97,0.868,1213.57,545.37,0.9093,1201.47,545.37,0.8937,1215.3,569.58,0.8953,1199.74,571.31,0.8868,1208.38,451.99,0.8837,1208.38,471.01,0.9494,1208.38,515.97,0.9189,1220.49,576.5,0.8473,1203.2,576.5,0.9232,1222.22,574.77,0.8721,1199.74,576.5,0.9079,1211.84,574.77,0.8904,1199.74,574.77,0.8621,3.81,7.45,124.59,7.7,37.5,32.78,0.0,0.0,1180.71,452.16,1230.87,584.97
89.0,1208.05,458.4,0.8622,1209.79,456.66,0.8884,1206.31,456.66,0.9055,1213.27,461.88,0.8845,1201.1,460.14,0.9627,1218.49,477.54,0.9233,1197.62,477.54,0.9469,1223.71,494.94,0.7932,1183.7,484.5,0.8442,1225.45,510.59,0.8588,1187.18,470.58,0.8807,1215.01,517.55,0.8526,1201.1,517.55,0.8788,1215.01,545.39,0.9256,1201.1,545.39,0.9011,1215.01,571.48,0.9287,1199.36,573.22,0.9058,1208.05,451.44,0.8896,1208.05,470.58,0.9509,1208.05,515.81,0.9314,1218.49,576.7,0.8517,1202.84,576.7,0.9222,1221.97,574.96,0.8654,1199.36,576.7,0.9037,1211.53,574.96,0.915,1199.36,574.96,0.8759,3.58,0.0,130.6,10.36,48.58,33.69,0.0,28.07,1180.75,451.62,1230.14,585.22
90.0,1208.01,458.53,0.8575,1211.48,456.8,0.8743,1206.28,456.8,0.8845,1213.21,462.0,0.8849,1201.08,460.27,0.9644,1220.14,477.6,0.9209999999999999,1197.61,477.6,0.9490000000000001,1223.61,496.67,0.758,1183.74,484.53,0.8425,1225.34,512.26,0.8540000000000001,1187.21,470.67,0.8637,1214.94,517.46,0.8746,1201.08,517.46,0.8867,1214.94,545.2,0.9363,1201.08,545.2,0.9009,1214.94,571.2,0.9264,1199.34,572.93,0.9254,1209.74,451.6,0.8954,1208.01,470.67,0.9527,1208.01,515.73,0.9254,1220.14,576.4,0.8573,1202.81,578.13,0.9258,1221.87,576.4,0.8733,1199.34,578.13,0.8998,1211.48,574.66,0.9055,1199.34,574.66,0.8764,3.58,0.0,130.6,3.96,37.27,45.0,5.19,28.07,1180.45,451.77,1230.37,584.89
91.0,1208.12,456.65,0.836,1209.85,456.65,0.8757,1206.39,456.65,0.8894,1213.32,461.85,0.879,1202.92,460.11,0.9525,1218.52,477.44,0.9185,1197.72,477.44,0.9464,1223.72,496.51,0.7812,1182.12,484.38,0.8858,1225.45,512.11,0.8516,1187.32,470.51,0.8694,1215.05,517.31,0.8799,1201.19,517.31,0.8873,1215.05,546.77,0.9392,1201.19,545.04,0.9039,1215.05,571.03,0.9288,1199.46,572.77,0.9292,1208.12,451.45,0.872,1208.12,470.51,0.9488,1208.12,515.57,0.9274,1220.25,576.23,0.8638,1202.92,577.96,0.9378,1221.99,576.23,0.8931,1199.46,577.96,0.912,1211.59,574.5,0.91,1199.46,574.5,0.8781,3.58,0.0,134.52,8.91,37.27,45.0,0.0,28.07,1180.99,451.62,1230.05,584.72
92.0,1207.79,457.13,0.8488,1209.52,455.4,0.8718,1206.07,455.4,0.8855,1212.97,462.31,0.8699,1200.88,460.59,0.9665,1219.88,477.85,0.9207,1197.43,477.85,0.9367,1225.06,496.85,0.8024,1183.62,484.76,0.7863,1225.06,512.39,0.8612,1187.07,469.22,0.8259,1214.7,517.57,0.8675,1200.88,517.57,0.8685,1214.7,545.2,0.9466,1200.88,545.2,0.9033,1214.7,571.1,0.9171,1199.16,572.83,0.9295,1209.52,451.95,0.8694,1207.79,470.95,0.9439,1207.79,515.84,0.9209,1219.88,578.01,0.8521,1204.34,578.01,0.9182,1221.61,576.28,0.8952,1199.16,578.01,0.8956,1212.97,574.55,0.8904,1199.16,574.55,0.8644,3.58,0.0,129.09,15.26,48.58,36.87,5.19,28.07,1180.02,452.12,1230.38,584.74
93.0,1209.5,458.73,0.8597,1211.23,457.0,0.8871,1207.77,455.27,0.8787,1214.69,462.19,0.8727,1200.84,460.46,0.9679,1219.88,477.77,0.9252,1197.38,477.77,0.9518,1225.08,496.81,0.7886,1183.53,482.96,0.8304,1225.08,512.39,0.8596,1186.99,470.85,0.8483,1214.69,517.58,0.8732,1200.84,517.58,0.8725,1214.69,545.28,0.9481,1200.84,545.28,0.899,1214.69,571.24,0.9227,1199.11,572.97,0.9232,1209.5,451.81,0.8862,1207.77,470.85,0.9552,1207.77,515.85,0.9188,1219.88,578.16,0.8639,1204.3,578.16,0.9201,1221.61,576.43,0.9041,1199.11,578.16,0.8969,1212.96,574.7,0.8911,1199.11,574.7,0.8688,3.58,0.0,126.5,15.26,48.58,36.87,5.19,28.07,1179.58,451.98,1230.76,584.92
94.0,1211.42,458.86,0.8606,1211.42,457.14,0.9063,1207.98,455.42,0.9028,1214.87,462.31,0.8467,1201.09,460.58,0.9857,1218.31,476.09,0.9241,1197.64,477.81,0.946,1225.2,496.76,0.7721,1182.14,482.98,0.857,1225.2,512.26,0.8593,1187.31,470.92,0.836,1214.87,517.43,0.867,1201.09,517.43,0.8671,1214.87,544.99,0.9378,1201.09,544.99,0.899,1214.87,570.83,0.9166,1199.37,572.55,0.9259999999999999,1207.98,451.97,0.8656,1207.98,470.92,0.9576,1207.98,515.71,0.9224,1220.04,577.72,0.8601,1202.81,577.72,0.9225,1221.76,576.0,0.9102,1199.37,577.72,0.9032,1213.15,574.27,0.8989,1199.37,574.27,0.8694,3.58,0.0,131.63,18.43,37.27,36.87,0.0,28.07,1180.02,452.14,1230.77,584.44
95.0,1207.8,458.73,0.8631,1209.49,457.04,0.8755,1206.1,457.04,0.8829,1212.88,462.12,0.8765,1201.02,460.43,0.9996,1219.66,477.37,0.8851,1197.63,477.37,0.9279,1223.04,494.31,0.7073,1182.39,482.45,0.9139,1226.43,512.94,0.7537,1185.78,470.59,0.8573,1214.57,516.33,0.8420000000000001,1201.02,516.33,0.8668,1214.57,545.12,0.9442,1201.02,545.12,0.9002,1216.27,570.53,0.8971,1199.33,572.23,0.9169,1207.8,451.96,0.88,1207.8,470.59,0.9199,1207.8,514.63,0.9385,1219.66,577.31,0.8586,1204.41,577.31,0.9109999999999999,1221.35,575.61,0.9053,1199.33,577.31,0.897,1212.88,573.92,0.8913,1199.33,575.61,0.8471,3.58,3.81,124.38,1.0,48.58,22.75,0.0,28.07,1180.29,453.82,1230.23,583.91
96.0,1209.55,459.68,0.8877,1211.21,458.01,0.8946,1206.21,456.35,0.8714,1212.88,461.35,0.8822,1201.21,461.35,0.9708,1217.89,476.36,0.9105,1197.87,478.03,0.9074,1222.89,494.71,0.7499,1182.86,481.37,0.9147,1226.23,513.06,0.7866,1186.19,471.36,0.868,1214.55,516.39,0.8462,1201.21,516.39,0.8605,1214.55,544.75,0.9387,1201.21,544.75,0.8956,1216.22,571.43,0.8945,1199.54,573.1,0.9177,1207.88,453.01,0.8827,1207.88,471.36,0.9186,1207.88,514.72,0.9401,1219.55,576.44,0.8494,1204.54,578.11,0.9025,1221.22,574.77,0.9099,1199.54,578.11,0.8879,1212.88,574.77,0.8806,1199.54,574.77,0.8764,3.37,3.58,120.96,4.95,48.37,30.11,0.0,28.07,1180.35,454.85,1230.4,582.94
97.0,1209.97,457.87,0.8718,1209.97,456.16,0.8891,1206.56,456.16,0.9164,1213.37,461.27,0.8716,1201.46,461.27,0.9945,1218.48,476.59,0.9142,1196.35,478.29,0.9097,1223.58,497.01,0.8203,1182.74,481.69,0.8922,1225.29,512.33,0.8511,1186.14,469.78,0.8651,1215.07,517.44,0.8495,1201.46,517.44,0.857,1215.07,546.37,0.9256,1201.46,546.37,0.8809,1215.07,571.9,0.8988,1199.76,573.6,0.9227,1208.27,452.76,0.8575,1208.27,469.78,0.9301,1208.27,515.73,0.9258,1220.18,577.0,0.852,1203.16,577.0,0.8986,1221.88,575.3,0.9053,1199.76,578.71,0.8871,1213.37,575.3,0.8902,1199.76,575.3,0.8836,3.58,0.0,119.98,7.7,48.58,45.0,0.0,28.07,1180.64,452.93,1230.79,583.64
98.0,1210.03,457.7,0.8816,1211.75,455.99,0.8983,1206.61,455.99,0.9071,1213.46,461.13,0.8642,1201.47,461.13,0.9945,1218.6,476.54,0.9114,1196.33,476.54,0.9124,1223.74,495.39,0.8212,1182.63,481.68,0.8965,1225.45,512.51,0.8479,1186.05,469.69,0.8667,1215.17,515.94,0.8447,1201.47,515.94,0.8653,1215.17,545.06,0.9303,1201.47,545.06,0.8825,1215.17,570.75,0.9011,1199.76,572.46,0.9215,1206.61,452.56,0.851,1206.61,469.69,0.9377,1208.32,515.94,0.9359,1220.31,577.6,0.857,1203.18,577.6,0.8905,1222.02,575.89,0.8913,1199.76,577.6,0.882,1213.46,574.18,0.89,1199.76,575.89,0.8656,3.58,0.0,126.5,9.54,37.27,36.87,2.12,0.0,1181.12,452.74,1230.38,584.28
99.0,1204.41,459.32,0.8847,1207.74,457.65,0.8809,1202.74,457.65,0.941,1212.74,462.65,0.9189,1201.08,460.99,0.945,1217.74,475.98,0.8995,1196.08,477.65,0.8887,1222.74,495.98,0.7289,1181.08,482.65,0.9026,1224.41,510.98,0.7667,1184.41,470.98,0.8889,1214.41,515.98,0.8276,1201.08,515.98,0.847,1214.41,545.97,0.9513,1201.08,545.97,0.8905,1216.07,570.97,0.8851,1199.41,572.63,0.9146,1207.74,452.65,0.9001,1207.74,470.98,0.9149,1207.74,515.98,0.9347,1219.41,575.97,0.8404,1204.41,577.63,0.9028,1222.74,575.97,0.9019,1199.41,577.63,0.8878,1214.41,574.3,0.8557,1201.08,574.3,0.8557,3.58,3.81,124.38,7.7,48.58,29.88,0.0,0.0,1179.73,454.49,1230.75,582.46
100.0,1207.22,458.36,0.8507,1208.89,456.69,0.8752,1205.54,456.69,0.8984,1212.25,461.71,0.8464,1200.51,461.71,0.9881,1217.27,476.8,0.8939,1195.48,478.48,0.8898,1222.3,496.91,0.6689,1178.72,485.18,0.8320000000000001,1223.98,510.32,0.75,1183.75,470.09,0.877,1215.6,517.03,0.8302,1200.51,517.03,0.8603,1213.92,545.52,0.9386,1200.51,545.52,0.8745,1217.27,570.66,0.8746,1200.51,574.01,0.9035,1207.22,453.33,0.852,1207.22,470.09,0.934,1207.22,515.35,0.915,1220.63,577.37,0.8033,1205.54,577.37,0.9197,1222.3,575.69,0.8657,1200.51,577.37,0.9041,1213.92,574.01,0.8932,1198.84,575.69,0.8773,0.0,10.96,130.24,6.91,56.31,18.97,0.0,25.35,1179.37,453.5,1230.04,582.23
101.0,1208.34,459.58,0.8682,1209.97,457.95,0.8971,1205.08,456.32,0.8892,1211.6,462.84,0.8904,1200.19,461.21,0.9620000000000001,1218.12,477.51,0.8979,1195.3,479.14,0.8838,1223.02,495.45,0.8079,1178.99,487.3,0.8476,1224.65,510.12,0.8125,1182.25,470.99,0.8803,1214.86,515.01,0.8377,1201.82,515.01,0.8022,1214.86,546.0,0.9092,1201.82,546.0,0.8714,1216.49,570.45,0.8928,1200.19,573.71,0.9006,1206.71,453.05,0.8569,1206.71,470.99,0.9462,1208.34,515.01,0.9061,1218.12,576.98,0.8508,1203.45,578.61,0.8344,1221.39,576.98,0.8739,1200.19,578.61,0.8499,1213.23,575.35,0.8831,1200.19,576.98,0.8529,3.37,3.81,127.87,8.92,37.06,10.22,2.12,0.0,1175.17,454.85,1230.1,580.07
102.0,1206.55,459.88,0.9019,1209.8,458.26,0.9152,1204.92,456.64,0.9048,1211.42,463.13,0.8962,1200.05,461.51,0.97,1217.92,477.75,0.8806,1195.18,479.38,0.8842,1222.8,495.63,0.7981,1178.93,487.5,0.8359,1222.8,510.25,0.7959,1183.81,472.88,0.8839,1214.67,516.75,0.8384,1200.05,516.75,0.8218,1214.67,545.99,0.9156,1200.05,545.99,0.8715,1216.3,571.98,0.8853,1200.05,573.61,0.8924,1206.55,451.76,0.8739,1206.55,471.26,0.9377,1208.17,515.12,0.9046,1219.55,576.86,0.8369,1203.3,578.48,0.8383,1221.17,576.86,0.8708,1200.05,578.48,0.8584,1213.05,575.23,0.8727,1200.05,576.86,0.8575,0.0,3.58,135.0,15.26,33.69,30.11,2.12,25.35,1175.21,455.17,1229.77,579.94
103.0,1203.69,459.28,0.8992,1206.99,457.63,0.9153,1202.04,457.63,0.9217,1210.29,462.58,0.8823,1198.73,460.93,0.9786,1216.89,477.44,0.8756,1195.43,477.44,0.9001,1221.84,497.24,0.8032,1178.93,480.74,0.9211,1223.49,512.1,0.8190000000000001,1182.23,470.84,0.8647,1215.24,515.4,0.8083,1200.39,515.4,0.8393,1215.24,545.1,0.8969,1200.39,545.1,0.8782,1216.89,571.51,0.9083,1198.73,573.16,0.9159999999999999,1206.99,452.68,0.8654,1205.34,470.84,0.9202,1206.99,515.4,0.9123,1218.54,576.46,0.8599,1203.69,578.11,0.8692,1221.84,576.46,0.8689,1198.73,578.11,0.8602,1213.59,574.81,0.8872,1200.39,576.46,0.8734,3.37,3.58,119.75,7.7,48.37,14.86,7.32,0.0,1176.62,454.5,1229.1,581.25
